宾步程,辑理
宾步程,夏超一，宾恩信
辑理,宾步程
辑理,夏超一，宾恩信
夏超一，宾恩信,宾步程
夏超一，宾恩信,辑理
晓玲叮当,郑伟
郑伟,晓玲叮当
朱孝臧,苏轼
苏轼,朱孝臧
刘文英,克里斯蒂安・沃尔兹
克里斯蒂安・沃尔兹,刘文英
青葫芦,孙晓玲
孙晓玲,青葫芦
毛凤枝,魏宏利
魏宏利,毛凤枝
高洪波,黛娜・加德纳(DinahGardner)
黛娜・加德纳(DinahGardner),高洪波
安德烈・科斯托拉尼,林琼娟
林琼娟,安德烈・科斯托拉尼
徐德林,戴维・梅西(DavidMacey)
戴维・梅西(DavidMacey),徐德林
闻碟,冬卉
冬卉,闻碟
刘斯奋,谭运长
谭运长,刘斯奋
吴鹏,丁丽蓉
吴鹏,美国麦格劳-希尔教育集团
丁丽蓉,吴鹏
丁丽蓉,美国麦格劳-希尔教育集团
美国麦格劳-希尔教育集团,吴鹏
美国麦格劳-希尔教育集团,丁丽蓉
李智,艾青
艾青,李智
香橼,邢悦
邢悦,香橼
朱熹,张京华
张京华,朱熹
伯尔茨(Boelts,郑文晶
郑文晶,伯尔茨(Boelts
温庭筠,赵崇祚
赵崇祚,温庭筠
辽宁省档案馆,赵焕林
赵焕林,辽宁省档案馆
曹雪芹,道帏・才让多杰
道帏・才让多杰,曹雪芹
施F,露丝・贝哈(RuthBehar)
露丝・贝哈(RuthBehar),施F
撒芸佩,班章
班章,撒芸佩
马邦城,胖丁
胖丁,马邦城
高微茗,戴维・M.波特
戴维・M.波特,高微茗
新郑市旅游和文物局,赵舒琪
赵舒琪,新郑市旅游和文物局
顾俊杰,塞缪尔・A.卡尔伯特
塞缪尔・A.卡尔伯特,顾俊杰
江志强,赵嘉文
赵嘉文,江志强
大卫・皮尔逊(DavidPearson),刘立
大卫・皮尔逊(DavidPearson),刘雯B
大卫・皮尔逊(DavidPearson),刘雯璐
刘立,大卫・皮尔逊(DavidPearson)
刘立,刘雯B
刘立,刘雯璐
刘雯B,大卫・皮尔逊(DavidPearson)
刘雯B,刘立
刘雯B,刘雯璐
刘雯璐,大卫・皮尔逊(DavidPearson)
刘雯璐,刘立
刘雯璐,刘雯B
杨雨,周敏
周敏,杨雨
安道,山姆・鲁比
安道,叶炜
山姆・鲁比,安道
山姆・鲁比,叶炜
叶炜,安道
叶炜,山姆・鲁比
波普尔,倪山川
倪山川,波普尔
江志强,赵嘉文
赵嘉文,江志强
陈天群,古斯塔夫・勒庞
古斯塔夫・勒庞,陈天群
孙红颖,屈原
屈原,孙红颖
安德鲁・朗格,品悦童书馆
品悦童书馆,安德鲁・朗格
刘波,英国DK出版社
英国DK出版社,刘波
张文龙,大卫・斯杜普
大卫・斯杜普,张文龙
江志强,赵嘉文
赵嘉文,江志强
杜冰冰,大卫・肖恩
大卫・肖恩,杜冰冰
王丽丽,李亚男
李亚男,王丽丽
晨光数媒,咏声动漫
咏声动漫,晨光数媒
郑国锋,玛丽埃伦・里士满(MaryE.Richmond)
玛丽埃伦・里士满(MaryE.Richmond),郑国锋
程台月,樊琴
程台月,常允言
樊琴,程台月
樊琴,常允言
常允言,程台月
常允言,樊琴
吕佳鑫,保冬妮
保冬妮,吕佳鑫
陈建国(JianguoChen),杨朝明
陈建国(JianguoChen),萨沙(NykolyshynOleksandr)
杨朝明,陈建国(JianguoChen)
杨朝明,萨沙(NykolyshynOleksandr)
萨沙(NykolyshynOleksandr),陈建国(JianguoChen)
萨沙(NykolyshynOleksandr),杨朝明
克罗齐,王天清
王天清,克罗齐
许慎,张洁
张洁,许慎
石一枫,无##无##无
无##无##无,石一枫
周宁,陆发春
陆发春,周宁
贾静,欧阳雪梅
欧阳雪梅,贾静
乐淘动漫,金版数媒
金版数媒,乐淘动漫
伊索,刘野
刘野,伊索
郁贤皓,李白
郁贤皓,封野
李白,郁贤皓
李白,封野
封野,郁贤皓
封野,李白
王蔷,简・兰福德(JaneLangford)
简・兰福德(JaneLangford),王蔷
日本野村控股公司,青山邦彦
青山邦彦,日本野村控股公司
王兆鹏,周杨
周杨,王兆鹏
刘安琪,瑞达
瑞达,刘安琪
鲁迅,叶君
叶君,鲁迅
梁实秋,玛克斯・奥勒留
玛克斯・奥勒留,梁实秋
海马出版社,翁芳芳
翁芳芳,海马出版社
王之光,解振华
解振华,王之光
王蔚,孙卫卫
孙卫卫,王蔚
菲利普・奥尔斯瓦尔德,高子平
高子平,菲利普・奥尔斯瓦尔德
古川末喜,董璐
董璐,古川末喜
蔡德贵,季羡林
季羡林,蔡德贵
蔡少薇,陈菽现
陈菽现,蔡少薇
陈嘉映,王庆节
陈嘉映,海德格尔
王庆节,陈嘉映
王庆节,海德格尔
海德格尔,陈嘉映
海德格尔,王庆节
葛翠琳,张蔚昕
葛翠琳,画;王郁
张蔚昕,葛翠琳
张蔚昕,画;王郁
画;王郁,葛翠琳
画;王郁,张蔚昕
尤潇潇,舒大刚
舒大刚,尤潇潇
杨新勋,王夫之
王夫之,杨新勋
贝覃・马修,戴安娜・本特利
戴安娜・本特利,贝覃・马修
黄春华,中共中山市委党史研究室
中共中山市委党史研究室,黄春华
麦基・帕米顿,杰夫・布朗
杰夫・布朗,麦基・帕米顿
安思旭,贾文涛
贾文涛,安思旭
周翔,郑马
郑马,周翔
重庆大学《大学国文》编写组,刘扬
刘扬,重庆大学《大学国文》编写组
王云台,范云阁
范云阁,王云台
张亮,郭个
郭个,张亮
白马,房龙
房龙,白马
夏洛蒂・勃朗特,宋兆霖
宋兆霖,夏洛蒂・勃朗特
王晓蕊,杨合英
杨合英,王晓蕊
林冬阳,骆名暄
林冬阳,史蒂文・克莱珀
骆名暄,林冬阳
骆名暄,史蒂文・克莱珀
史蒂文・克莱珀,林冬阳
史蒂文・克莱珀,骆名暄
罗先中,张晓舟
张晓舟,罗先中
苏肄海,王嫒
苏肄海,冯梦龙
王嫒,苏肄海
王嫒,冯梦龙
冯梦龙,苏肄海
冯梦龙,王嫒
韩元,曹雪芹
曹雪芹,韩元
高伟,刘白玉
高伟,于连江
刘白玉,高伟
刘白玉,于连江
于连江,高伟
于连江,刘白玉
冯敏昌,李寅生
冯敏昌,杨年丰
李寅生,冯敏昌
李寅生,杨年丰
杨年丰,冯敏昌
杨年丰,李寅生
纳兰性德,东莫妮
东莫妮,纳兰性德
莎拉,赵镇琬
赵镇琬,莎拉
苏轼,东篱子
东篱子,苏轼
晨光数媒,咏声动漫
咏声动漫,晨光数媒
戴达,冰波
冰波,戴达
华强方特（深圳）动漫有限公司,深圳市书童文化发展有限公司
深圳市书童文化发展有限公司,华强方特（深圳）动漫有限公司
曹雪芹,海豚传媒
海豚传媒,曹雪芹
王炳文,胡塞尔
胡塞尔,王炳文
王冬佳,戴维・舍温
戴维・舍温,王冬佳
宸唐工作室,美国孩之宝公司
美国孩之宝公司,宸唐工作室
张学锋,宫崎市定
宫崎市定,张学锋
司马迁,索隐;(唐)张守节
司马迁,裴?
司马迁,正义
司马迁,集解;(唐)司马贞
索隐;(唐)张守节,司马迁
索隐;(唐)张守节,裴?
索隐;(唐)张守节,正义
索隐;(唐)张守节,集解;(唐)司马贞
裴?,司马迁
裴?,索隐;(唐)张守节
裴?,正义
裴?,集解;(唐)司马贞
正义,司马迁
正义,索隐;(唐)张守节
正义,裴?
正义,集解;(唐)司马贞
集解;(唐)司马贞,司马迁
集解;(唐)司马贞,索隐;(唐)张守节
集解;(唐)司马贞,裴?
集解;(唐)司马贞,正义
张飞龙,约瑟夫・M.威廉姆斯(JosephM.Williams)
约瑟夫・M.威廉姆斯(JosephM.Williams),张飞龙
陈晖,沈苑苑
沈苑苑,陈晖
曾沁音,马歇尔・杰文斯
马歇尔・杰文斯,曾沁音
巴曙松,努里埃尔・鲁比尼
努里埃尔・鲁比尼,巴曙松
托马斯・莱迪,周维山
周维山,托马斯・莱迪
吕妍,张春明
张春明,吕妍
理查德・洛克(RichardM.Locke),廖丽华
廖丽华,理查德・洛克(RichardM.Locke)
布拉尼米尔・约万诺维奇,黄纯洲
布拉尼米尔・约万诺维奇,张彦
黄纯洲,布拉尼米尔・约万诺维奇
黄纯洲,张彦
张彦,布拉尼米尔・约万诺维奇
张彦,黄纯洲
郑向东,于敏
于敏,郑向东
夏婧涵,李宇珂
夏婧涵,吕佳鑫
夏婧涵,保冬妮
李宇珂,夏婧涵
李宇珂,吕佳鑫
李宇珂,保冬妮
吕佳鑫,夏婧涵
吕佳鑫,李宇珂
吕佳鑫,保冬妮
保冬妮,夏婧涵
保冬妮,李宇珂
保冬妮,吕佳鑫
王莉平,肖启楫
肖启楫,王莉平
王凡,韩梅
韩梅,王凡
马香琳,托利R・兹威格
托利R・兹威格,马香琳
艾克拜尔・吾拉木,焦亚娜
艾克拜尔・吾拉木,查理
焦亚娜,艾克拜尔・吾拉木
焦亚娜,查理
查理,艾克拜尔・吾拉木
查理,焦亚娜
李D,罗德尼・G.佩弗
罗德尼・G.佩弗,李D
多米尼克・贾尼科,黄广凌
黄广凌,多米尼克・贾尼科
蓝小巫工作室,秀强教育中心
秀强教育中心,蓝小巫工作室
BO2,林哲璋
林哲璋,BO2
画盟工作室,苏诺
苏诺,画盟工作室
李雪,陆仁
李雪,郦青
陆仁,李雪
陆仁,郦青
郦青,李雪
郦青,陆仁
西德尼・戴维・甘博,浙江人民美术出版社
浙江人民美术出版社,西德尼・戴维・甘博
艾合提热木・托合提,李健
李健,艾合提热木・托合提
民族出版社,马克思
马克思,民族出版社
谢向东,张建安
张建安,谢向东
厉河,余远?
余远?,厉河
梁宽,刘影
梁宽,贾红
刘影,梁宽
刘影,贾红
贾红,梁宽
贾红,刘影
拉宾德拉纳特・泰戈尔,郑振铎
郑振铎,拉宾德拉纳特・泰戈尔
辽宁省档案馆,赵焕林
赵焕林,辽宁省档案馆
杨雄,瑞达
瑞达,杨雄
曹文轩,安武林
安武林,曹文轩
颜莹莹,冈特・鲍利
颜莹莹,凯瑟琳娜・巴赫
冈特・鲍利,颜莹莹
冈特・鲍利,凯瑟琳娜・巴赫
凯瑟琳娜・巴赫,颜莹莹
凯瑟琳娜・巴赫,冈特・鲍利
袁博,阿咚
阿咚,袁博
大卫・里德尔,杨献军
杨献军,大卫・里德尔
吴志华,丽水市莲都区档案局（馆）
丽水市莲都区档案局（馆）,吴志华
列夫・舍斯托夫,张冰
张冰,列夫・舍斯托夫
罗杰・加洛蒂,吴岳添
吴岳添,罗杰・加洛蒂
李毓秀,牛林敬
牛林敬,李毓秀
罗曼・罗兰,逯亮
逯亮,罗曼・罗兰
田亮,雷纳・齐特尔曼(RainerZitelmann)
雷纳・齐特尔曼(RainerZitelmann),田亮
迈克尔・所罗门,杨晓燕
杨晓燕,迈克尔・所罗门
陈立仁,施耐庵
施耐庵,陈立仁
安宁,画盟工作室
画盟工作室,安宁
吉姆・马伊瓦尔德(JimMaivald),姚军
姚军,吉姆・马伊瓦尔德(JimMaivald)
理查德・克鲁格,杨靖
理查德・克鲁格,殷红伶
杨靖,理查德・克鲁格
杨靖,殷红伶
殷红伶,理查德・克鲁格
殷红伶,杨靖
陆筱漆,英国HIT娱乐有限公司
英国HIT娱乐有限公司,陆筱漆
石涛,纳兰性德
纳兰性德,石涛
马邦城,胖丁
胖丁,马邦城
马邦城,潘振华
潘振华,马邦城
曹文轩,朴珍华
朴珍华,曹文轩
小小冰人,保罗・卡雷尔
保罗・卡雷尔,小小冰人
央视动画有限公司,葛冰
葛冰,央视动画有限公司
宸唐工作室,万建中
万建中,宸唐工作室
后藤俊夫,周晓娜
后藤俊夫,王保林
周晓娜,后藤俊夫
周晓娜,王保林
王保林,后藤俊夫
王保林,周晓娜
斯科特・惠特克(ScottC.Whitaker),郑磊
斯科特・惠特克(ScottC.Whitaker),徐慧琳
郑磊,斯科特・惠特克(ScottC.Whitaker)
郑磊,徐慧琳
徐慧琳,斯科特・惠特克(ScottC.Whitaker)
徐慧琳,郑磊
刘国源,徐?
徐?,刘国源
王佳存,麦肯齐・芬克
麦肯齐・芬克,王佳存
林世仁,吕淑恂
吕淑恂,林世仁
戴蒙德(JaredDiamond),江滢
戴蒙德(JaredDiamond),叶臻
江滢,戴蒙德(JaredDiamond)
江滢,叶臻
叶臻,戴蒙德(JaredDiamond)
叶臻,江滢
会做菜的猫,趣怡工作室
趣怡工作室,会做菜的猫
喻强,赵卫峰
喻强,王国钧
赵卫峰,喻强
赵卫峰,王国钧
王国钧,喻强
王国钧,赵卫峰
杨红霞,知侠
知侠,杨红霞
刘永佳,美国麦格劳-希尔教育集团
美国麦格劳-希尔教育集团,刘永佳
靳文泉,曹雪芹
曹雪芹,靳文泉
龚房芳,赵光宇
赵光宇,龚房芳
童画小巫,王坤
王坤,童画小巫
李静滢,瑞贝卡・佐拉克
李静滢,乔新刚
瑞贝卡・佐拉克,李静滢
瑞贝卡・佐拉克,乔新刚
乔新刚,李静滢
乔新刚,瑞贝卡・佐拉克
孙周兴,马丁・海德格尔
马丁・海德格尔,孙周兴
徐浩,林怡
林怡,徐浩
威廉・莎士比亚(WilliamShakespeare),朱生豪
朱生豪,威廉・莎士比亚(WilliamShakespeare)
杜万华,最高人民法院民事审判第二庭
最高人民法院民事审判第二庭,杜万华
徐映梅,中国商业统计学会
中国商业统计学会,徐映梅
劳伦斯A.坎宁安,沃伦E.巴菲特
沃伦E.巴菲特,劳伦斯A.坎宁安
傅敏,傅雷
傅雷,傅敏
蔡明亮,沈石溪
沈石溪,蔡明亮
康华,蔡峰
蔡峰,康华
糖朵朵,郑洪杰
郑洪杰,糖朵朵
王诒卿,施耐庵
施耐庵,王诒卿
张明转,布鲁诺・M.普埃列斯
布鲁诺・M.普埃列斯,张明转
马邦城,陈菽现
陈菽现,马邦城
杨帆,瑞达
瑞达,杨帆
高尔泰,蒲小雨
高尔泰,星云大师
蒲小雨,高尔泰
蒲小雨,星云大师
星云大师,高尔泰
星云大师,蒲小雨
张晓风,徐学
徐学,张晓风
甘汶灵,姚德淳
姚德淳,甘汶灵
黄梅,朱光潜
朱光潜,黄梅
马海涌,王凡一
马海涌,魏光蕊
马海涌,杰里米・J.西格尔(JeremyJ.Siegel)
王凡一,马海涌
王凡一,魏光蕊
王凡一,杰里米・J.西格尔(JeremyJ.Siegel)
魏光蕊,马海涌
魏光蕊,王凡一
魏光蕊,杰里米・J.西格尔(JeremyJ.Siegel)
杰里米・J.西格尔(JeremyJ.Siegel),马海涌
杰里米・J.西格尔(JeremyJ.Siegel),王凡一
杰里米・J.西格尔(JeremyJ.Siegel),魏光蕊
高洪波,李蓉
李蓉,高洪波
刘庆柱,中国社会科学院考古研究所
中国社会科学院考古研究所,刘庆柱
蔡瑶,吴梅
吴梅,蔡瑶
温庭筠,赵崇祚
赵崇祚,温庭筠
拉杰・帕特尔,吴文忠
吴文忠,拉杰・帕特尔
台海杂志社,中共龙海市委宣传部
台海杂志社,年月
中共龙海市委宣传部,台海杂志社
中共龙海市委宣传部,年月
年月,台海杂志社
年月,中共龙海市委宣传部
青葫芦,谢小佳
谢小佳,青葫芦
张大军,拉塞尔・柯克(RusselKirk)
拉塞尔・柯克(RusselKirk),张大军
宋世锋,尤利娅・科姆斯卡
尤利娅・科姆斯卡,宋世锋
乐乐,绘世乐童
乐乐,小乖
绘世乐童,乐乐
绘世乐童,小乖
小乖,乐乐
小乖,绘世乐童
胡永凯,汤一钧
胡永凯,文字
汤一钧,胡永凯
汤一钧,文字
文字,胡永凯
文字,汤一钧
林恩・彻丽(LynneCherry),常媛
常媛,林恩・彻丽(LynneCherry)
张先勇,颜冶光
颜冶光,张先勇
严强华,王金石
王金石,严强华
曹文轩,张怀存
张怀存,曹文轩
曹文轩,李广宇
李广宇,曹文轩
冷莉梅,蘅塘退士
蘅塘退士,冷莉梅
茨威格,舒昌善
舒昌善,茨威格
比尔・威廉斯(BillWilliams),王柯
王柯,比尔・威廉斯(BillWilliams)
美国梦工场动画公司,张积模
美国梦工场动画公司,江美娜
张积模,美国梦工场动画公司
张积模,江美娜
江美娜,美国梦工场动画公司
江美娜,张积模
李迎春,杰伊・温尼克
李迎春,钱雨葭
李迎春,张园园
杰伊・温尼克,李迎春
杰伊・温尼克,钱雨葭
杰伊・温尼克,张园园
钱雨葭,李迎春
钱雨葭,杰伊・温尼克
钱雨葭,张园园
张园园,李迎春
张园园,杰伊・温尼克
张园园,钱雨葭
汪三贵,全国扶贫宣传教育中心
全国扶贫宣传教育中心,汪三贵
奥飞娱乐,董世杰
董世杰,奥飞娱乐
厦门大学品牌研究所,周雨
周雨,厦门大学品牌研究所
彭婷,肖定丽
肖定丽,彭婷
忽滑谷快天,廖明飞
忽滑谷快天,李庆保
廖明飞,忽滑谷快天
廖明飞,李庆保
李庆保,忽滑谷快天
李庆保,廖明飞
马邦城,岑慧虹
岑慧虹,马邦城
吕不韦,余长保
余长保,吕不韦
奥飞娱乐,凌速文化
凌速文化,奥飞娱乐
杜万华,最高人民法院民事审判第二庭
最高人民法院民事审判第二庭,杜万华
小能人,黄小衡
黄小衡,小能人
李立欣,杨川
李立欣,董成
杨川,李立欣
杨川,董成
董成,李立欣
董成,杨川
沈德鸿,陶生魁
陶生魁,沈德鸿
安徒生,任溶溶
任溶溶,安徒生
叶廷芳,衢州市政协文史资料委员会
衢州市政协文史资料委员会,叶廷芳
美国孩之宝公司,莎拉・黑尔・米勒(SarahHaleMiller)
莎拉・黑尔・米勒(SarahHaleMiller),美国孩之宝公司
苏晴,陈彤
陈彤,苏晴
出口治明,张永
张永,出口治明
卢魁,孙云霞
卢魁,李迎雪
孙云霞,卢魁
孙云霞,李迎雪
李迎雪,卢魁
李迎雪,孙云霞
马邦城,陈菽现
陈菽现,马邦城
杜君林,加藤公一莱奥
杜君林,马云雷
加藤公一莱奥,杜君林
加藤公一莱奥,马云雷
马云雷,杜君林
马云雷,加藤公一莱奥
刘锋,宫川彰
宫川彰,刘锋
陈恒,J.M.罗伯茨
J.M.罗伯茨,陈恒
石左虎,孔狄亚克
孔狄亚克,石左虎
奥飞娱乐,凌速文化
凌速文化,奥飞娱乐
韩维志,庄子
庄子,韩维志
哈丽特・G.勒纳(HarrietG.Lerner),谢欣怡
谢欣怡,哈丽特・G.勒纳(HarrietG.Lerner)
冰波,赵光宇
赵光宇,冰波
田松青,龙榆生
龙榆生,田松青
崔敏,曹文轩
曹文轩,崔敏
赵闯,杨杨
杨杨,赵闯
丹纳,傅雷
傅雷,丹纳
岳灵玉,沈涛
沈涛,岳灵玉
子默,孔子
孔子,子默
农冠品,杨砚寓
农冠品,潘其旭
农冠品,韩家权
农冠品,许晓明
农冠品,张增业
杨砚寓,农冠品
杨砚寓,潘其旭
杨砚寓,韩家权
杨砚寓,许晓明
杨砚寓,张增业
潘其旭,农冠品
潘其旭,杨砚寓
潘其旭,韩家权
潘其旭,许晓明
潘其旭,张增业
韩家权,农冠品
韩家权,杨砚寓
韩家权,潘其旭
韩家权,许晓明
韩家权,张增业
许晓明,农冠品
许晓明,杨砚寓
许晓明,潘其旭
许晓明,韩家权
许晓明,张增业
张增业,农冠品
张增业,杨砚寓
张增业,潘其旭
张增业,韩家权
张增业,许晓明
庄子,高竞艳
高竞艳,庄子
徐倩秋,乔冲
徐倩秋,杨川
徐倩秋,孙明丽
徐倩秋,薛亚红
徐倩秋,朱荣兰
徐倩秋,王宏慧
乔冲,徐倩秋
乔冲,杨川
乔冲,孙明丽
乔冲,薛亚红
乔冲,朱荣兰
乔冲,王宏慧
杨川,徐倩秋
杨川,乔冲
杨川,孙明丽
杨川,薛亚红
杨川,朱荣兰
杨川,王宏慧
孙明丽,徐倩秋
孙明丽,乔冲
孙明丽,杨川
孙明丽,薛亚红
孙明丽,朱荣兰
孙明丽,王宏慧
薛亚红,徐倩秋
薛亚红,乔冲
薛亚红,杨川
薛亚红,孙明丽
薛亚红,朱荣兰
薛亚红,王宏慧
朱荣兰,徐倩秋
朱荣兰,乔冲
朱荣兰,杨川
朱荣兰,孙明丽
朱荣兰,薛亚红
朱荣兰,王宏慧
王宏慧,徐倩秋
王宏慧,乔冲
王宏慧,杨川
王宏慧,孙明丽
王宏慧,薛亚红
王宏慧,朱荣兰
三崎良章,刘可维
刘可维,三崎良章
杨钧,张海军
张海军,杨钧
麦基・帕米顿,杰夫・布朗
杰夫・布朗,麦基・帕米顿
查尔斯・金斯利(CharlesKingsley),陶友兰
查尔斯・金斯利(CharlesKingsley),励蔚轩
陶友兰,查尔斯・金斯利(CharlesKingsley)
陶友兰,励蔚轩
励蔚轩,查尔斯・金斯利(CharlesKingsley)
励蔚轩,陶友兰
列奥・施特劳斯,扎科特
扎科特,列奥・施特劳斯
吴义勤,郁达夫
郁达夫,吴义勤
司马迁,刘建华
刘建华,司马迁
暖心小熊编委会,张竞月
张竞月,暖心小熊编委会
青葫芦,孙晓玲
孙晓玲,青葫芦
志怪社,孙见坤
孙见坤,志怪社
魏亚西,美术教育绘本研究课题组
美术教育绘本研究课题组,魏亚西
杨先农,李国军
杨先农,李先国
李国军,杨先农
李国军,李先国
李先国,杨先农
李先国,李国军
德・马明-西比里亚克,韦苇
韦苇,德・马明-西比里亚克
李晨阳,孟姿君
李晨阳,祝湘辉
孟姿君,李晨阳
孟姿君,祝湘辉
祝湘辉,李晨阳
祝湘辉,孟姿君
范晔,周学兵
周学兵,范晔
月影,多米尼克・D・吉纳德(DominiqueD.Guinard)
多米尼克・D・吉纳德(DominiqueD.Guinard),月影
梅子,刘以鬯
刘以鬯,梅子
陶成涛,韩愈
韩愈,陶成涛
徐旭峰,文;黄坦通
徐旭峰,杨志刚
文;黄坦通,徐旭峰
文;黄坦通,杨志刚
杨志刚,徐旭峰
杨志刚,文;黄坦通
玛哈德・L.阿伯特,金鑫荣
金鑫荣,玛哈德・L.阿伯特
威廉・华莱士・丹斯诺,莱曼・弗兰克・鲍姆
莱曼・弗兰克・鲍姆,威廉・华莱士・丹斯诺
刘銮娇,管仲
管仲,刘銮娇
彭学军,普卫华
普卫华,彭学军
小能人,黄小衡
黄小衡,小能人
安东尼・巴格-莱文(AnthonyBugg-Levine),罗熙昶
罗熙昶,安东尼・巴格-莱文(AnthonyBugg-Levine)
《诗探索》编辑委员会,林莽
林莽,《诗探索》编辑委员会
余渭深,孔庆炎
孔庆炎,余渭深
美国尼克儿童频道,人文起飞
人文起飞,美国尼克儿童频道
李淼,蘅塘退士
蘅塘退士,李淼
尼可・史汀顿,黄睿睿
黄睿睿,尼可・史汀顿
管椿,薛荣魁
薛荣魁,管椿
贺・孟和吉日嘎拉,道荣尕
道荣尕,贺・孟和吉日嘎拉
赵超,苏轼
苏轼,赵超
巩孺萍,陈盈帆
陈盈帆,巩孺萍
张维为,贺忠德
贺忠德,张维为
萨沙,陈建国
萨沙,杨朝明
陈建国,萨沙
陈建国,杨朝明
杨朝明,萨沙
杨朝明,陈建国
马洪娟,曹芳
马洪娟,麦格希中英双语阅读文库编委会
曹芳,马洪娟
曹芳,麦格希中英双语阅读文库编委会
麦格希中英双语阅读文库编委会,马洪娟
麦格希中英双语阅读文库编委会,曹芳
勒加,华锐吉
勒加,久美旺波
华锐吉,勒加
华锐吉,久美旺波
久美旺波,勒加
久美旺波,华锐吉
韩心怡,瑞达
瑞达,韩心怡
陈晖,沈苑苑
沈苑苑,陈晖
李凤清,宋冰玉
李凤清,帕特里克・范德皮尔(PatrickvanderPijl)
李凤清,丁晓松
宋冰玉,李凤清
宋冰玉,帕特里克・范德皮尔(PatrickvanderPijl)
宋冰玉,丁晓松
帕特里克・范德皮尔(PatrickvanderPijl),李凤清
帕特里克・范德皮尔(PatrickvanderPijl),宋冰玉
帕特里克・范德皮尔(PatrickvanderPijl),丁晓松
丁晓松,李凤清
丁晓松,宋冰玉
丁晓松,帕特里克・范德皮尔(PatrickvanderPijl)
朱孟彩,王守仁
王守仁,朱孟彩
吴鹏,摩根(Morgan
摩根(Morgan,吴鹏
远宏,徐建明
远宏,肖飞
徐建明,远宏
徐建明,肖飞
肖飞,远宏
肖飞,徐建明
董宏猷,太阳娃插画设计
太阳娃插画设计,董宏猷
刘慧敏,扎木苏荣
扎木苏荣,刘慧敏
威尔斯,徐建萍
徐建萍,威尔斯
夏果皮,管家琪
管家琪,夏果皮
阿尔努尔・比曼尼,隋钰冰
隋钰冰,阿尔努尔・比曼尼
赵闯,杨杨
杨杨,赵闯
康宁,迈克尔・奎贝尔(MichaelKrypel)
康宁,宫鑫
康宁,王娜
迈克尔・奎贝尔(MichaelKrypel),康宁
迈克尔・奎贝尔(MichaelKrypel),宫鑫
迈克尔・奎贝尔(MichaelKrypel),王娜
宫鑫,康宁
宫鑫,迈克尔・奎贝尔(MichaelKrypel)
宫鑫,王娜
王娜,康宁
王娜,迈克尔・奎贝尔(MichaelKrypel)
王娜,宫鑫
孟子,田荣尚
田荣尚,孟子
安宁,画盟工作室
画盟工作室,安宁
斯蒂夫・弗洛沃斯,邓蕊
邓蕊,斯蒂夫・弗洛沃斯
橘兔,严晓萍
严晓萍,橘兔
李晨森,王应麟
王应麟,李晨森
詹树荣,石恩宇
石恩宇,詹树荣
亚当・奥尔特(AdamAlter),闾佳
闾佳,亚当・奥尔特(AdamAlter)
罗贯中,童趣出版有限公司
童趣出版有限公司,罗贯中
阿尔温德・赛西(ArvindSathi),周毅
周毅,阿尔温德・赛西(ArvindSathi)
司马迁,熊亮工作室
熊亮工作室,司马迁
布丽吉特・库恩,罗小连
罗小连,布丽吉特・库恩
冰波,许青峰
许青峰,冰波
洋洋兔,司马迁
司马迁,洋洋兔
蔡利超,王国维
王国维,蔡利超
麦瑟尔德,江雷红
江雷红,麦瑟尔德
曹文轩,导读
曹文轩,李华
导读,曹文轩
导读,李华
李华,曹文轩
李华,导读
麦基・帕米顿,杰夫・布朗
杰夫・布朗,麦基・帕米顿
威廉・齐默尔曼,辛亨复
辛亨复,威廉・齐默尔曼
吕丽娜,俞寅
俞寅,吕丽娜
谈瀛洲,孙良
孙良,谈瀛洲
威廉・莎士比亚(WilliamShakespeare),朱生豪
朱生豪,威廉・莎士比亚(WilliamShakespeare)
刘向,谦德书院
谦德书院,刘向
杨先农,贺先枣
杨先农,戴刚
贺先枣,杨先农
贺先枣,戴刚
戴刚,杨先农
戴刚,贺先枣
高中甫,斯蒂芬・茨威格(StefanZweig)
高中甫,潘子立
斯蒂芬・茨威格(StefanZweig),高中甫
斯蒂芬・茨威格(StefanZweig),潘子立
潘子立,高中甫
潘子立,斯蒂芬・茨威格(StefanZweig)
吴依桐,陈辉权
吴依桐,梁天山
吴依桐,谭永良
陈辉权,吴依桐
陈辉权,梁天山
陈辉权,谭永良
梁天山,吴依桐
梁天山,陈辉权
梁天山,谭永良
谭永良,吴依桐
谭永良,陈辉权
谭永良,梁天山
郭志昌,昆山市顾炎武研究会
昆山市顾炎武研究会,郭志昌
宝音贺希格,席慕蓉
宝音贺希格,朵日娜
席慕蓉,宝音贺希格
席慕蓉,朵日娜
朵日娜,宝音贺希格
朵日娜,席慕蓉
匡小荣,周静
周静,匡小荣
里卡多・萨勒斯(RicardoSalles),徐健
徐健,里卡多・萨勒斯(RicardoSalles)
乔继堂,袁定安
袁定安,乔继堂
郭济访,罗贯中
罗贯中,郭济访
小能人,黄小衡
黄小衡,小能人
许萍萍,老渔
老渔,许萍萍
蔡明亮,沈石溪
沈石溪,蔡明亮
陈平文,草鸣
陈平文,草雨
草鸣,陈平文
草鸣,草雨
草雨,陈平文
草雨,草鸣
阿璐,萧袤
萧袤,阿璐
林白,无##无##无
无##无##无,林白
早田优子,敖德
敖德,早田优子
谢枋得,吴冠中
吴冠中,谢枋得
龙蔚婷,加藤津代志
加藤津代志,龙蔚婷
曾国藩,胡艳丽
胡艳丽,曾国藩
美国尼克儿童频道,人文起飞
人文起飞,美国尼克儿童频道
勘措吉,甘肃省文物局
勘措吉,马德
甘肃省文物局,勘措吉
甘肃省文物局,马德
马德,勘措吉
马德,甘肃省文物局
美国尼克儿童频道,周琰冰
周琰冰,美国尼克儿童频道
托比,王文华
王文华,托比
袁黄,东篱子
东篱子,袁黄
方亦盛,李成明
李成明,方亦盛
陈炯明,李云中
李云中,陈炯明
崔延强,塞克斯都・恩披里科
塞克斯都・恩披里科,崔延强
江志强,赵嘉文
赵嘉文,江志强
北董,陈泽新
陈泽新,北董
李曼,陈锡文
陈锡文,李曼
廖元度,湖北省社会科学院文学研究所
湖北省社会科学院文学研究所,廖元度
阿丁,太阳花
太阳花,阿丁
全京业,大畜
大畜,全京业
李宜庭,庄河源
庄河源,李宜庭
迪利普・索曼,王尔笙
王尔笙,迪利普・索曼
曾参,李颖婷
李颖婷,曾参
央视动画有限公司,小白鸽童书馆
小白鸽童书馆,央视动画有限公司
丁鹏,艾琳・奥尔德里奇(IreneAldridge)
丁鹏,顾律君
艾琳・奥尔德里奇(IreneAldridge),丁鹏
艾琳・奥尔德里奇(IreneAldridge),顾律君
顾律君,丁鹏
顾律君,艾琳・奥尔德里奇(IreneAldridge)
奥飞娱乐,凌速文化
凌速文化,奥飞娱乐
茹燕子(EricaSwallow),曾俐
曾俐,茹燕子(EricaSwallow)
长安,刘向伟
刘向伟,长安
福克讷,王锟
王锟,福克讷
唐君毅,金庸
唐君毅,潘耀明
唐君毅,徐复观
金庸,唐君毅
金庸,潘耀明
金庸,徐复观
潘耀明,唐君毅
潘耀明,金庸
潘耀明,徐复观
徐复观,唐君毅
徐复观,金庸
徐复观,潘耀明
张德友,汪文德
汪文德,张德友
奥飞娱乐,米克
米克,奥飞娱乐
张博,孟子
孟子,张博
大卫・伊格曼(DavidEagleman),闾佳
闾佳,大卫・伊格曼(DavidEagleman)
须臾,徐鲁
徐鲁,须臾
林颂英,詹同
詹同,林颂英
威廉・莎士比亚(WilliamShakespeare),朱生豪
朱生豪,威廉・莎士比亚(WilliamShakespeare)
王祖民,刘丙钧
刘丙钧,王祖民
邹国华,鲸骑士（上海）文化传播有限公司
邹国华,鲸骑士文化传播有限公司
邹国华,安宏
鲸骑士（上海）文化传播有限公司,邹国华
鲸骑士（上海）文化传播有限公司,鲸骑士文化传播有限公司
鲸骑士（上海）文化传播有限公司,安宏
鲸骑士文化传播有限公司,邹国华
鲸骑士文化传播有限公司,鲸骑士（上海）文化传播有限公司
鲸骑士文化传播有限公司,安宏
安宏,邹国华
安宏,鲸骑士（上海）文化传播有限公司
安宏,鲸骑士文化传播有限公司
谭松恒,刘义庆
刘义庆,谭松恒
洪汛涛,杜蕾
杜蕾,洪汛涛
弘丰,李渔
李渔,弘丰
福建省新闻出版广电局,郭丹
郭丹,福建省新闻出版广电局
李白,顾友泽
顾友泽,李白
蒋红岩,英国尤斯伯恩出版公司
英国尤斯伯恩出版公司,蒋红岩
邢志忠,伊瓦尔・贾埃弗
邢志忠,邢紫烟
伊瓦尔・贾埃弗,邢志忠
伊瓦尔・贾埃弗,邢紫烟
邢紫烟,邢志忠
邢紫烟,伊瓦尔・贾埃弗
王兰明,陈静
王兰明,薄冰
王兰明,苏涛
陈静,王兰明
陈静,薄冰
陈静,苏涛
薄冰,王兰明
薄冰,陈静
薄冰,苏涛
苏涛,王兰明
苏涛,陈静
苏涛,薄冰
康民,乔丹・基米尔
乔丹・基米尔,康民
孙世彦,本・索尔
本・索尔,孙世彦
钱春绮,弗里德里希・尼采
弗里德里希・尼采,钱春绮
雅各布・布克哈特(JacobBurckhardt),唐艳芳
唐艳芳,雅各布・布克哈特(JacobBurckhardt)
谭旭东,胡优
胡优,谭旭东
高鹗,曹雪芹
曹雪芹,高鹗
江苏省宁宿迁徐高速公路有限公司,孙雷
孙雷,江苏省宁宿迁徐高速公路有限公司
韩丽,康禹
康禹,韩丽
杨濡豪,胡其瑞
胡其瑞,杨濡豪
韩非子,余长保
余长保,韩非子
黄亚平,扬・阿斯曼
扬・阿斯曼,黄亚平
罗康琳,阿历克西・德・托克维尔
阿历克西・德・托克维尔,罗康琳
许卫全,李汝珍
李汝珍,许卫全
裕瑞,孙丕任
孙丕任,裕瑞
王广涛,袁明
王广涛,屹林文化传媒丝路斗士创作团队
袁明,王广涛
袁明,屹林文化传媒丝路斗士创作团队
屹林文化传媒丝路斗士创作团队,王广涛
屹林文化传媒丝路斗士创作团队,袁明
弗兰切斯卡・阿西雷利,林素娥
林素娥,弗兰切斯卡・阿西雷利
刘义庆,朱孟娟
朱孟娟,刘义庆
罗纳德・查理森(RonaldW.Richardson),牛振宇
牛振宇,罗纳德・查理森(RonaldW.Richardson)
杨晔,吉米・索尼
吉米・索尼,杨晔
朴晋锈,才璐
才璐,朴晋锈
杨红樱,央美阳光
央美阳光,杨红樱
俞咪君,简・尼尔森
简・尼尔森,俞咪君
庄予s,孙莹
孙莹,庄予s
段纯,播讲
段纯,老舍
播讲,段纯
播讲,老舍
老舍,段纯
老舍,播讲
草草,鲁克
鲁克,草草
汤仁泽,梁启超
汤仁泽,汤志钧
梁启超,汤仁泽
梁启超,汤志钧
汤志钧,汤仁泽
汤志钧,梁启超
克里斯多佛・拉什(ChristopherRush),郭俊凤
郭俊凤,克里斯多佛・拉什(ChristopherRush)
禾禾妈妈,鲍鱼
鲍鱼,禾禾妈妈
担当,黄立飞
黄立飞,担当
萨姆・萨维奇,刘伟
刘伟,萨姆・萨维奇
西格蒙德・弗洛伊德,廖玉笛
廖玉笛,西格蒙德・弗洛伊德
曾勇,梅应魁
梅应魁,曾勇
李丽,刘佐艳
李丽,王晓阳
李丽,杨川
李丽,周淑娟
李丽,李树金
刘佐艳,李丽
刘佐艳,王晓阳
刘佐艳,杨川
刘佐艳,周淑娟
刘佐艳,李树金
王晓阳,李丽
王晓阳,刘佐艳
王晓阳,杨川
王晓阳,周淑娟
王晓阳,李树金
杨川,李丽
杨川,刘佐艳
杨川,王晓阳
杨川,周淑娟
杨川,李树金
周淑娟,李丽
周淑娟,刘佐艳
周淑娟,王晓阳
周淑娟,杨川
周淑娟,李树金
李树金,李丽
李树金,刘佐艳
李树金,王晓阳
李树金,杨川
李树金,周淑娟
柯律格(CraigClunas),黄小峰
黄小峰,柯律格(CraigClunas)
马林梅,卫斯理・R.格雷
卫斯理・R.格雷,马林梅
尼努・查帕干,苏尼尔・库马尔・波迪亚尔
苏尼尔・库马尔・波迪亚尔,尼努・查帕干
张梦雨,任梦
张梦雨,禾禾妈妈
任梦,张梦雨
任梦,禾禾妈妈
禾禾妈妈,张梦雨
禾禾妈妈,任梦
苏曼殊,无##无##无
无##无##无,苏曼殊
骆玫,张鹰
张鹰,骆玫
曹越,胡政
胡政,曹越
刘欢,博多・舍费尔
博多・舍费尔,刘欢
杨波,注册会计师全国统一考试辅导教材（精要版）编委会
注册会计师全国统一考试辅导教材（精要版）编委会,杨波
常星儿,月萍
常星儿,岳雅团
月萍,常星儿
月萍,岳雅团
岳雅团,常星儿
岳雅团,月萍
施耐庵,郑术焱
郑术焱,施耐庵
弘毅,曹雪芹
曹雪芹,弘毅
栾保群,冯梦龙
冯梦龙,栾保群
金承影,金倚天
金倚天,金承影
庐隐,胡媛媛
胡媛媛,庐隐
张小也,罗振玉
罗振玉,张小也
马邦城,向雯
马邦城,王进城
向雯,马邦城
向雯,王进城
王进城,马邦城
王进城,向雯
陈晖,沈苑苑
沈苑苑,陈晖
苏F婕,张B怡
苏F婕,肖岚
苏F婕,余一鹤
苏F婕,查尔斯・狄更斯
张B怡,苏F婕
张B怡,肖岚
张B怡,余一鹤
张B怡,查尔斯・狄更斯
肖岚,苏F婕
肖岚,张B怡
肖岚,余一鹤
肖岚,查尔斯・狄更斯
余一鹤,苏F婕
余一鹤,张B怡
余一鹤,肖岚
余一鹤,查尔斯・狄更斯
查尔斯・狄更斯,苏F婕
查尔斯・狄更斯,张B怡
查尔斯・狄更斯,肖岚
查尔斯・狄更斯,余一鹤
蒲隆,弗朗西斯・培根(FrancisBacon)
弗朗西斯・培根(FrancisBacon),蒲隆
顾雷,杨凤城
杨凤城,顾雷
徐磊,鬼谷子
鬼谷子,徐磊
伊索,刘野
刘野,伊索
薛樵风,赵心田
赵心田,薛樵风
萧良有,导读
萧良有,吕海月
导读,萧良有
导读,吕海月
吕海月,萧良有
吕海月,导读
吴承恩,周壑洋
周壑洋,吴承恩
张哲柱,韩锡润
韩锡润,张哲柱
沈从文,摄影
沈从文,卓雅
摄影,沈从文
摄影,卓雅
卓雅,沈从文
卓雅,摄影
小林纯一,金钟
金钟,小林纯一
丁莹,萨博瑞亚・麦克拉纳汉
萨博瑞亚・麦克拉纳汉,丁莹
蔡平,刘重德
刘重德,蔡平
李欣颖,《大国治贫》丛书编委会
《大国治贫》丛书编委会,李欣颖
李崇华,伊迪丝・霍尔
伊迪丝・霍尔,李崇华
杨红樱,耶利米・威尔霍伊特(JerimiahWillhite)
耶利米・威尔霍伊特(JerimiahWillhite),杨红樱
林小燕,利昂・费斯汀格
利昂・费斯汀格,林小燕
陈致远,曹卫平
曹卫平,陈致远
王薇,张敏
王薇,任丽慧
王薇,包娜娜
王薇,霍燕
张敏,王薇
张敏,任丽慧
张敏,包娜娜
张敏,霍燕
任丽慧,王薇
任丽慧,张敏
任丽慧,包娜娜
任丽慧,霍燕
包娜娜,王薇
包娜娜,张敏
包娜娜,任丽慧
包娜娜,霍燕
霍燕,王薇
霍燕,张敏
霍燕,任丽慧
霍燕,包娜娜
孙小龙,布瑞恩・麦克奎尼斯
孙小龙,王策
孙小龙,张学广
布瑞恩・麦克奎尼斯,孙小龙
布瑞恩・麦克奎尼斯,王策
布瑞恩・麦克奎尼斯,张学广
王策,孙小龙
王策,布瑞恩・麦克奎尼斯
王策,张学广
张学广,孙小龙
张学广,布瑞恩・麦克奎尼斯
张学广,王策
武传海,赵诚文
赵诚文,武传海
鲁迅,曹光甫
曹光甫,鲁迅
野白杨,程中华
程中华,野白杨
何文楠,文栋
文栋,何文楠
李建军,祝天飞
李建军,王瑾红
祝天飞,李建军
祝天飞,王瑾红
王瑾红,李建军
王瑾红,祝天飞
求松,苏曼堪钦白玛襄嘉
苏曼堪钦白玛襄嘉,求松
伊索,刘野
刘野,伊索
况昌勋,吴泽明
吴泽明,况昌勋
莎拉,赵镇琬
赵镇琬,莎拉
中国藏语系高级佛学院,一世嘉木样・阿旺宗哲
一世嘉木样・阿旺宗哲,中国藏语系高级佛学院
王蔷,科拉尔・沃克(CoralWalker)
科拉尔・沃克(CoralWalker),王蔷
金顺姬,严歌
严歌,金顺姬
李清照,美芹
美芹,李清照
鲁晓敏,张人俐
张人俐,鲁晓敏
伊索,刘野
刘野,伊索
江忍庵,乔继堂
乔继堂,江忍庵
达姆,张维中
张维中,达姆
威廉・莎士比亚(WilliamShakespeare),朱生豪
朱生豪,威廉・莎士比亚(WilliamShakespeare)

